id,fid,h,a,date,league_id,season,h_goals,a_goals,team_h,team_a,h_xg,a_xg,h_w,h_d,h_l,league,h_shot,a_shot,h_shotOnTarget,a_shotOnTarget,h_deep,a_deep,a_ppda,h_ppda,isData,h_xpts,a_xpts
28778,1903117,87,73,2025-08-15 19:00:00,1,2025,4,2,Liverpool,Bournemouth,2.33007,1.57303,0.5498,0.2276,0.2226,EPL,19,10,10,3,9,8,11.5833,8.7647,True,1.877,0.8954
28779,1903118,71,86,2025-08-16 11:30:00,1,2025,0,0,Aston Villa,Newcastle United,0.318601,1.40098,0.0629,0.2371,0.7,EPL,3,16,3,3,2,6,6.0833,18.9167,True,0.42579999999999996,2.3370999999999995
28780,1903119,220,228,2025-08-16 14:00:00,1,2025,1,1,Brighton,Fulham,1.44008,0.902883,0.5158,0.3088,0.1754,EPL,10,7,4,2,5,6,16.2222,8.9286,True,1.8562,0.835
28781,1903121,77,81,2025-08-16 14:00:00,1,2025,3,0,Sunderland,West Ham,0.724368,0.558948,0.363,0.391,0.246,EPL,10,12,5,4,2,8,11.0000,20.7857,True,1.48,1.129
28782,1903122,82,92,2025-08-16 14:00:00,1,2025,3,0,Tottenham,Burnley,1.97858,0.734138,0.7032,0.1993,0.0975,EPL,16,14,6,4,7,6,17.3529,6.3529,True,2.3089000000000004,0.4918
28783,1903123,229,88,2025-08-16 16:30:00,1,2025,0,4,Wolverhampton Wanderers,Manchester City,0.519436,2.29903,0.0404,0.1179,0.8417,EPL,9,15,3,4,4,8,11.8000,12.1034,True,0.2391,2.6430000000000002
28784,1903124,80,78,2025-08-17 13:00:00,1,2025,0,0,Chelsea,Crystal Palace,1.36793,1.03414,0.4404,0.2929,0.2667,EPL,19,12,3,4,7,2,17.6316,5.8696,True,1.6141,1.093
28785,1903120,249,244,2025-08-17 13:00:00,1,2025,3,1,Nottingham Forest,Brentford,1.7555,1.32516,0.4714,0.2855,0.2431,EPL,11,10,5,3,6,3,9.8235,11.1429,True,1.6997,1.0148000000000001
28786,1903125,89,83,2025-08-17 15:30:00,1,2025,0,1,Manchester United,Arsenal,1.37653,1.3304,0.3408,0.3074,0.3518,EPL,22,9,7,3,7,3,11.2609,7.9048,True,1.3298,1.3628
28787,1903126,245,72,2025-08-18 19:00:00,1,2025,1,0,Leeds,Everton,2.3812,0.674338,0.8116,0.1394,0.049,EPL,21,7,3,1,5,2,27.5000,15.6875,True,2.5742000000000003,0.2864
28788,1903136,81,80,2025-08-22 19:00:00,1,2025,1,5,West Ham,Chelsea,0.978572,3.94997,0.0153,0.0485,0.9362,EPL,12,12,4,7,6,5,11.9474,26.3077,True,0.0944,2.8571000000000004
28789,1903134,88,82,2025-08-23 11:30:00,1,2025,0,2,Manchester City,Tottenham,1.2475,1.28015,0.3526,0.2889,0.3585,EPL,10,12,4,5,8,4,13.2727,10.4444,True,1.3467,1.3643999999999998
28790,1903129,244,71,2025-08-23 14:00:00,1,2025,1,0,Brentford,Aston Villa,1.12964,0.976852,0.4019,0.3328,0.2653,EPL,9,17,2,2,2,14,5.4118,10.7857,True,1.5385,1.1286999999999998
28791,1903130,92,77,2025-08-23 14:00:00,1,2025,2,0,Burnley,Sunderland,1.00381,1.12127,0.2978,0.3293,0.3729,EPL,7,9,2,1,4,4,20.5833,15.4286,True,1.2227,1.448
28792,1903127,73,229,2025-08-23 14:00:00,1,2025,1,0,Bournemouth,Wolverhampton Wanderers,1.78462,0.373367,0.7888,0.1642,0.047,EPL,14,6,4,1,6,3,10.4286,5.8800,True,2.5305999999999997,0.3052
28793,1903128,83,245,2025-08-23 16:30:00,1,2025,5,0,Arsenal,Leeds,2.73761,0.156761,0.9569,0.039,0.0041,EPL,18,3,5,1,5,1,27.8667,7.9545,True,2.9097,0.0513
28794,1903131,78,249,2025-08-24 13:00:00,1,2025,1,1,Crystal Palace,Nottingham Forest,1.10188,1.32987,0.2822,0.3071,0.4107,EPL,8,9,4,1,6,4,10.3684,12.7826,True,1.1537,1.5392
28795,1903132,72,220,2025-08-24 13:00:00,1,2025,2,0,Everton,Brighton,1.80116,2.08487,0.2765,0.2775,0.446,EPL,11,13,3,4,5,8,8.6842,17.7059,True,1.1070000000000002,1.6155000000000002
28796,1903133,228,89,2025-08-24 15:30:00,1,2025,1,1,Fulham,Manchester United,1.65333,1.54603,0.3868,0.2852,0.328,EPL,13,10,4,3,11,11,10.8889,9.9091,True,1.4455999999999998,1.2692
28797,1903135,86,87,2025-08-25 19:00:00,1,2025,2,3,Newcastle United,Liverpool,1.96342,0.646559,0.7493,0.1793,0.0714,EPL,10,5,3,4,3,6,7.5714,12.0455,True,2.4272,0.39349999999999996
28798,1903141,80,228,2025-08-30 11:30:00,1,2025,2,0,Chelsea,Fulham,2.4324,0.736228,0.811,0.1338,0.0552,EPL,13,11,6,3,4,9,10.8519,9.3200,True,2.5668,0.2994
28799,1903142,82,73,2025-08-30 14:00:00,1,2025,0,1,Tottenham,Bournemouth,0.17067,2.1201,0.016,0.1089,0.8751,EPL,5,19,1,6,4,11,7.1463,5.2000,True,0.15689999999999998,2.7342000000000004
28800,1903144,229,72,2025-08-30 14:00:00,1,2025,2,3,Wolverhampton Wanderers,Everton,0.943257,2.03791,0.1205,0.2084,0.6711,EPL,12,10,4,4,5,11,11.9615,5.8519,True,0.5699,2.2217000000000002
28801,1903140,77,244,2025-08-30 14:00:00,1,2025,2,1,Sunderland,Brentford,1.57127,1.44604,0.3654,0.3194,0.3152,EPL,12,8,3,4,2,4,21.5455,5.1842,True,1.4156,1.2650000000000001
28802,1903146,89,92,2025-08-30 14:00:00,1,2025,3,2,Manchester United,Burnley,4.02237,1.32618,0.911,0.0655,0.0235,EPL,26,6,6,3,8,3,16.0000,15.1818,True,2.7985,0.136
28803,1903143,245,86,2025-08-30 16:30:00,1,2025,0,0,Leeds,Newcastle United,0.6773,0.303635,0.408,0.4518,0.1402,EPL,10,8,1,2,5,5,11.2381,14.8636,True,1.6758,0.8724
28804,1903138,249,81,2025-08-31 13:00:00,1,2025,0,3,Nottingham Forest,West Ham,0.716018,2.236,0.0594,0.1552,0.7854,EPL,11,12,3,8,6,5,21.4615,9.8462,True,0.33340000000000003,2.5114
28805,1903139,220,88,2025-08-31 13:00:00,1,2025,2,1,Brighton,Manchester City,2.20864,2.13418,0.3828,0.2726,0.3446,EPL,12,12,7,3,4,9,11.9333,11.8148,True,1.4209999999999998,1.3064
28806,1903145,87,83,2025-08-31 15:30:00,1,2025,1,0,Liverpool,Arsenal,0.481404,0.485679,0.2681,0.4624,0.2695,EPL,9,11,3,1,4,5,12.8696,15.0667,True,1.2667,1.2709
28807,1903137,71,78,2025-08-31 18:00:00,1,2025,0,3,Aston Villa,Crystal Palace,1.20586,2.59713,0.0734,0.161,0.7656,EPL,13,6,4,4,6,5,19.2000,10.5714,True,0.3812,2.4577999999999998
28808,1903148,83,249,2025-09-13 11:30:00,1,2025,3,0,Arsenal,Nottingham Forest,2.8817,0.293681,0.9419,0.048,0.0101,EPL,16,5,5,1,10,1,14.5500,10.9500,True,2.8737,0.07830000000000001
28809,1903155,86,229,2025-09-13 14:00:00,1,2025,1,0,Newcastle United,Wolverhampton Wanderers,1.19186,0.375942,0.6234,0.2851,0.0915,EPL,16,8,4,3,12,3,9.0417,10.5625,True,2.1553,0.5596
28810,1903147,73,220,2025-09-13 14:00:00,1,2025,2,1,Bournemouth,Brighton,1.44187,0.624923,0.6177,0.2664,0.1159,EPL,13,6,5,2,5,3,8.6957,10.8333,True,2.1195,0.6141000000000001
28811,1903151,78,77,2025-09-13 14:00:00,1,2025,0,0,Crystal Palace,Sunderland,1.75805,0.354129,0.7823,0.1686,0.0491,EPL,14,6,6,0,8,4,17.7778,13.5556,True,2.5155,0.31589999999999996
28812,1903152,72,71,2025-09-13 14:00:00,1,2025,0,0,Everton,Aston Villa,1.8927,0.354327,0.7847,0.1658,0.0495,EPL,20,7,2,1,10,3,8.3684,7.0741,True,2.5199,0.3143
28813,1903153,228,245,2025-09-13 14:00:00,1,2025,1,0,Fulham,Leeds,1.13979,0.830398,0.4371,0.3383,0.2246,EPL,5,10,3,3,4,5,13.4444,9.4783,True,1.6496,1.0121
28814,1903156,81,82,2025-09-13 16:30:00,1,2025,0,3,West Ham,Tottenham,0.793248,1.51402,0.1696,0.2807,0.5497,EPL,7,14,4,5,2,8,10.8571,17.5556,True,0.7895000000000001,1.9297999999999997
28815,1903149,244,80,2025-09-13 19:00:00,1,2025,2,2,Brentford,Chelsea,1.17533,0.755999,0.495,0.2994,0.2056,EPL,7,16,4,6,8,12,5.2069,20.1875,True,1.7843999999999998,0.9162
28816,1903150,92,87,2025-09-14 13:00:00,1,2025,0,1,Burnley,Liverpool,0.168041,2.79492,0.0037,0.0387,0.9576,EPL,3,27,0,4,0,17,4.1429,11.0909,True,0.0498,2.9114999999999998
28817,1903154,88,89,2025-09-14 15:30:00,1,2025,3,0,Manchester City,Manchester United,1.99725,1.51915,0.4799,0.2573,0.2628,EPL,12,13,5,2,8,8,9.2308,19.2143,True,1.697,1.0457
28818,1903164,87,72,2025-09-20 11:30:00,1,2025,2,1,Liverpool,Everton,1.06166,0.721371,0.4455,0.33,0.2245,EPL,11,9,3,2,12,9,11.3043,5.8846,True,1.6665,1.0035
28819,1903171,81,78,2025-09-20 14:00:00,1,2025,1,2,West Ham,Crystal Palace,0.466365,2.33565,0.035,0.1161,0.8489,EPL,8,18,3,3,5,7,23.8182,8.5652,True,0.22110000000000002,2.6628
28820,1903173,229,245,2025-09-20 14:00:00,1,2025,1,3,Wolverhampton Wanderers,Leeds,1.5661,0.456988,0.6878,0.2266,0.0856,EPL,16,6,6,4,10,7,13.1905,10.9600,True,2.2899999999999996,0.48339999999999994
28821,1903159,220,82,2025-09-20 14:00:00,1,2025,2,2,Brighton,Tottenham,1.40466,1.19181,0.4028,0.3289,0.2683,EPL,12,11,4,3,4,14,4.8438,11.4800,True,1.5372999999999999,1.1338
28822,1903160,92,249,2025-09-20 14:00:00,1,2025,1,1,Burnley,Nottingham Forest,1.14159,0.830779,0.4397,0.3168,0.2435,EPL,12,17,5,8,4,10,9.0952,18.8889,True,1.6359,1.0473
28823,1903157,73,86,2025-09-21 13:00:00,1,2025,0,0,Bournemouth,Newcastle United,0.55066,0.153629,0.3942,0.5216,0.0842,EPL,11,4,2,1,4,6,16.4118,8.3636,True,1.7041999999999997,0.7742
28824,1903167,89,80,2025-09-20 16:30:00,1,2025,2,1,Manchester United,Chelsea,1.34458,0.469843,0.6294,0.2748,0.0958,EPL,11,5,4,1,4,5,13.1429,12.9615,True,2.163,0.5622
28825,1903162,228,244,2025-09-20 19:00:00,1,2025,3,1,Fulham,Brentford,1.52431,0.826556,0.5643,0.2588,0.1769,EPL,14,8,3,3,5,3,13.4762,19.8462,True,1.9517,0.7894999999999999
28826,1903169,77,71,2025-09-21 13:00:00,1,2025,1,1,Sunderland,Aston Villa,0.938312,0.939354,0.3258,0.3463,0.3279,EPL,14,11,4,2,4,16,7.0000,9.8696,True,1.3236999999999999,1.33
28827,1903158,83,88,2025-09-21 15:30:00,1,2025,1,1,Arsenal,Manchester City,0.718575,1.1227,0.2028,0.3221,0.4751,EPL,12,5,3,3,10,3,17.0000,6.8182,True,0.9305000000000001,1.7474
28828,1903177,244,89,2025-09-27 11:30:00,1,2025,3,1,Brentford,Manchester United,2.78726,2.23609,0.5118,0.2491,0.2391,EPL,10,14,8,6,6,1,12.1250,11.7200,True,1.7845,0.9664
28829,1903178,80,220,2025-09-27 14:00:00,1,2025,1,3,Chelsea,Brighton,2.02653,2.4751,0.2603,0.2482,0.4915,EPL,13,12,3,3,4,8,9.1724,8.5263,True,1.0291,1.7227
28830,1903179,78,87,2025-09-27 14:00:00,1,2025,2,1,Crystal Palace,Liverpool,3.53323,3.10176,0.4872,0.1968,0.316,EPL,16,20,7,4,12,5,8.5714,24.3750,True,1.6584,1.1448
28831,1903175,71,228,2025-09-28 13:00:00,1,2025,3,1,Aston Villa,Fulham,1.36575,0.952612,0.4792,0.293,0.2278,EPL,9,11,4,4,6,4,13.8333,17.3571,True,1.7306,0.9763999999999999
28832,1903183,245,73,2025-09-27 14:00:00,1,2025,2,2,Leeds,Bournemouth,2.04728,1.06033,0.6258,0.219,0.1552,EPL,19,12,8,5,3,9,8.4000,10.0769,True,2.0964,0.6846
28833,1903185,88,92,2025-09-27 14:00:00,1,2025,5,1,Manchester City,Burnley,3.22133,0.509491,0.9279,0.0602,0.0119,EPL,21,9,8,2,15,4,17.1875,16.0000,True,2.8438999999999997,0.0959
28834,1903188,249,77,2025-09-27 16:30:00,1,2025,0,1,Nottingham Forest,Sunderland,1.4203,1.94154,0.2527,0.2346,0.5127,EPL,22,11,6,3,6,3,29.5000,9.3000,True,0.9927,1.7727
28835,1903161,82,229,2025-09-27 19:00:00,1,2025,1,1,Tottenham,Wolverhampton Wanderers,0.818711,1.15951,0.2181,0.3376,0.4443,EPL,10,9,3,3,5,4,9.5000,16.9286,True,0.9919,1.6705
28836,1903186,86,83,2025-09-28 15:30:00,1,2025,1,2,Newcastle United,Arsenal,0.739851,2.07048,0.0956,0.1872,0.7172,EPL,8,20,3,7,4,13,7.2500,16.4667,True,0.474,2.3387999999999995
28837,1903181,72,81,2025-09-29 19:00:00,1,2025,1,1,Everton,West Ham,0.909703,0.775766,0.3639,0.3478,0.2883,EPL,12,14,6,3,12,7,13.5000,12.7647,True,1.4394999999999998,1.2127
28838,1903163,73,228,2025-10-03 19:00:00,1,2025,3,1,Bournemouth,Fulham,1.33458,0.84335,0.5037,0.2971,0.1992,EPL,11,12,6,4,13,10,19.1429,13.8235,True,1.8082,0.8946999999999998
28839,1903165,83,81,2025-10-04 14:00:00,1,2025,2,0,Arsenal,West Ham,3.0585,0.864549,0.8876,0.0891,0.0233,EPL,21,4,5,0,17,3,25.0769,4.2121,True,2.7519,0.159
28840,1903166,71,92,2025-10-05 13:00:00,1,2025,2,1,Aston Villa,Burnley,1.73572,0.502292,0.7029,0.2168,0.0803,EPL,15,5,7,2,8,1,7.8095,12.7222,True,2.3255,0.4577
28841,1903168,244,88,2025-10-05 15:30:00,1,2025,0,1,Brentford,Manchester City,0.693758,1.09647,0.2127,0.3477,0.4396,EPL,6,10,1,4,2,9,13.5000,13.3000,True,0.9858,1.6665
28842,1903170,80,87,2025-10-04 16:30:00,1,2025,2,1,Chelsea,Liverpool,1.23721,2.05981,0.1603,0.2554,0.5843,EPL,12,12,6,2,6,9,17.1250,13.3000,True,0.7363,2.0083
28843,1903172,72,78,2025-10-05 13:00:00,1,2025,2,1,Everton,Crystal Palace,2.13876,2.17789,0.3623,0.2646,0.3731,EPL,14,15,7,8,5,6,6.8056,9.2759,True,1.3515,1.3839
28844,1903174,245,82,2025-10-04 11:30:00,1,2025,1,2,Leeds,Tottenham,1.48051,0.688198,0.6,0.2633,0.1367,EPL,16,9,4,3,6,4,15.0000,10.8333,True,2.0633,0.6734
28845,1903176,89,77,2025-10-04 14:00:00,1,2025,2,0,Manchester United,Sunderland,1.9298,0.807119,0.6826,0.2067,0.1107,EPL,15,8,6,3,7,3,9.7600,10.1739,True,2.2545,0.5388
28846,1903180,86,249,2025-10-05 13:00:00,1,2025,2,0,Newcastle United,Nottingham Forest,3.81662,0.337689,0.9788,0.0182,0.003,EPL,18,5,9,4,13,4,11.0476,8.0000,True,2.9546,0.027200000000000002
28847,1903182,229,220,2025-10-05 13:00:00,1,2025,1,1,Wolverhampton Wanderers,Brighton,0.369404,1.39158,0.0797,0.2474,0.6729,EPL,6,17,3,6,2,2,9.8182,13.5714,True,0.4865,2.2661
28848,1903184,220,86,2025-10-18 14:00:00,1,2025,2,1,Brighton,Newcastle United,0.857104,1.28313,0.234,0.2943,0.4717,EPL,13,16,5,3,8,9,9.6400,13.4091,True,0.9963000000000001,1.7094
28849,1903187,92,245,2025-10-18 14:00:00,1,2025,2,0,Burnley,Leeds,0.509647,2.33152,0.0318,0.1277,0.8405,EPL,4,19,3,4,2,8,7.8095,15.8095,True,0.22310000000000002,2.6492
28850,1903189,78,73,2025-10-18 14:00:00,1,2025,3,3,Crystal Palace,Bournemouth,4.56284,2.0471,0.8893,0.0764,0.0343,EPL,20,8,7,5,14,6,8.1111,7.8400,True,2.7443,0.1793
28851,1903190,228,83,2025-10-18 16:30:00,1,2025,0,1,Fulham,Arsenal,0.502332,2.07823,0.0509,0.1423,0.8068,EPL,9,16,0,5,3,14,30.0000,18.1875,True,0.29500000000000004,2.5627
28852,1903191,87,89,2025-10-19 15:30:00,1,2025,1,2,Liverpool,Manchester United,2.60972,2.53117,0.403,0.2349,0.3621,EPL,19,12,6,4,10,6,17.4286,7.6250,True,1.4439000000000002,1.3212000000000002
28853,1903192,88,72,2025-10-18 14:00:00,1,2025,2,0,Manchester City,Everton,2.4799,0.794622,0.7871,0.157,0.0559,EPL,19,5,7,1,15,4,16.6923,8.7222,True,2.5183,0.3247
28854,1903193,249,80,2025-10-18 11:30:00,1,2025,0,3,Nottingham Forest,Chelsea,2.0555,2.5583,0.2761,0.2325,0.4914,EPL,11,17,2,6,9,6,8.4828,14.8421,True,1.0608,1.7066999999999999
28855,1903194,77,229,2025-10-18 14:00:00,1,2025,2,0,Sunderland,Wolverhampton Wanderers,1.02481,0.676323,0.4521,0.3322,0.2157,EPL,8,16,2,3,6,11,5.2333,36.4286,True,1.6885000000000001,0.9793000000000001
28856,1903195,82,71,2025-10-19 13:00:00,1,2025,1,2,Tottenham,Aston Villa,1.51461,0.352231,0.7246,0.2099,0.0655,EPL,9,8,3,2,5,2,12.8889,7.5926,True,2.3837,0.4064
28857,1903196,81,244,2025-10-20 19:00:00,1,2025,0,2,West Ham,Brentford,0.260251,3.46635,0.0056,0.0286,0.9658,EPL,7,22,1,7,4,11,12.4667,14.7778,True,0.045399999999999996,2.926
28858,1903197,73,249,2025-10-26 13:00:00,1,2025,2,0,Bournemouth,Nottingham Forest,0.656601,0.305493,0.4009,0.4563,0.1428,EPL,13,8,5,4,7,4,11.7500,8.0400,True,1.6589999999999998,0.8847
28859,1903198,83,78,2025-10-26 13:00:00,1,2025,1,0,Arsenal,Crystal Palace,0.856175,0.350534,0.4818,0.3843,0.1339,EPL,10,7,3,1,5,1,28.2727,12.4118,True,1.8296999999999999,0.7859999999999999
28860,1903199,71,88,2025-10-26 13:00:00,1,2025,1,0,Aston Villa,Manchester City,0.843906,1.36914,0.2191,0.289,0.4919,EPL,9,18,3,4,8,11,10.2500,22.3636,True,0.9462999999999999,1.7647
28861,1903200,244,87,2025-10-25 19:00:00,1,2025,3,2,Brentford,Liverpool,3.27126,2.11838,0.6466,0.1867,0.1667,EPL,17,14,8,4,5,10,6.2000,14.0000,True,2.1265,0.6868
28862,1903201,80,77,2025-10-25 14:00:00,1,2025,1,2,Chelsea,Sunderland,1.21332,1.5506,0.2529,0.2876,0.4595,EPL,16,10,7,4,11,6,21.6471,9.3333,True,1.0463,1.6661000000000001
28863,1903202,72,82,2025-10-26 15:30:00,1,2025,0,3,Everton,Tottenham,1.4032,2.09327,0.1933,0.2511,0.5556,EPL,12,7,2,4,6,3,17.0000,13.4211,True,0.831,1.9179
28864,1903203,245,81,2025-10-24 19:00:00,1,2025,2,1,Leeds,West Ham,2.2214,0.498653,0.8342,0.1246,0.0412,EPL,13,9,5,3,1,4,9.5769,10.8148,True,2.6272,0.2482
28865,1903204,89,220,2025-10-25 16:30:00,1,2025,4,2,Manchester United,Brighton,1.96231,0.947154,0.6368,0.216,0.1472,EPL,13,17,9,5,9,5,6.3333,13.9643,True,2.1264000000000003,0.6576
28866,1903205,86,228,2025-10-25 14:00:00,1,2025,2,1,Newcastle United,Fulham,2.76806,1.52001,0.6984,0.1854,0.1162,EPL,18,12,7,5,7,3,9.5517,9.0357,True,2.2806,0.534
28867,1903206,229,92,2025-10-26 13:00:00,1,2025,2,3,Wolverhampton Wanderers,Burnley,2.58132,1.54544,0.6426,0.2132,0.1442,EPL,15,11,7,7,10,5,14.5556,8.8750,True,2.141,0.6457999999999999
28868,1903207,220,245,2025-11-01 15:00:00,1,2025,3,0,Brighton,Leeds,2.64127,0.35919,0.9151,0.0719,0.013,EPL,14,5,7,2,7,2,22.6000,14.8095,True,2.8172,0.1109
28869,1903208,92,83,2025-11-01 15:00:00,1,2025,0,2,Burnley,Arsenal,0.679177,2.51649,0.0346,0.1281,0.8373,EPL,3,12,0,8,3,9,12.1579,15.5500,True,0.2319,2.64
28870,1903209,78,244,2025-11-01 15:00:00,1,2025,2,0,Crystal Palace,Brentford,0.734558,0.820498,0.284,0.3671,0.3489,EPL,9,6,2,2,5,8,5.8182,19.3750,True,1.2190999999999999,1.4138
28871,1903210,228,229,2025-11-01 15:00:00,1,2025,3,0,Fulham,Wolverhampton Wanderers,1.91207,0.209934,0.8557,0.1234,0.0209,EPL,19,5,6,2,11,4,21.3125,12.8333,True,2.6905,0.1861
28872,1903211,87,71,2025-11-01 20:00:00,1,2025,2,0,Liverpool,Aston Villa,1.47021,0.43502,0.6494,0.2552,0.0954,EPL,16,10,4,3,12,6,16.0625,10.9500,True,2.2034,0.5414
28873,1903212,88,73,2025-11-02 16:30:00,1,2025,3,1,Manchester City,Bournemouth,2.48999,0.899846,0.7693,0.1598,0.0709,EPL,15,8,8,5,8,4,11.2174,20.1875,True,2.4677000000000002,0.3725
28874,1903213,249,89,2025-11-01 15:00:00,1,2025,2,2,Nottingham Forest,Manchester United,1.55066,0.91622,0.5553,0.2598,0.1849,EPL,17,18,3,7,7,5,9.4706,13.6957,True,1.9257000000000002,0.8145
28875,1903214,77,72,2025-11-03 20:00:00,1,2025,1,1,Sunderland,Everton,1.18068,1.00741,0.3718,0.3203,0.3079,EPL,17,8,3,2,7,5,23.1538,8.2381,True,1.4357000000000002,1.244
28876,1903215,82,80,2025-11-01 17:30:00,1,2025,0,1,Tottenham,Chelsea,0.146954,3.34251,0.0016,0.0201,0.9783,EPL,3,15,1,9,4,13,7.0000,8.5600,True,0.0249,2.9549999999999996
28877,1903216,81,86,2025-11-02 14:00:00,1,2025,3,1,West Ham,Newcastle United,1.41383,0.523615,0.6355,0.2546,0.1099,EPL,14,12,8,4,3,7,8.8824,23.5833,True,2.1611,0.5843
28878,1903217,71,73,2025-11-09 14:00:00,1,2025,4,0,Aston Villa,Bournemouth,1.88282,2.00992,0.3334,0.2653,0.4013,EPL,16,13,8,4,10,6,6.8148,5.7931,True,1.2654999999999998,1.4691999999999998
28879,1903218,244,86,2025-11-09 14:00:00,1,2025,3,1,Brentford,Newcastle United,2.73729,0.432277,0.9194,0.0653,0.0153,EPL,15,5,7,1,7,2,11.1053,12.0000,True,2.8235,0.1112
28880,1903219,80,229,2025-11-08 20:00:00,1,2025,3,0,Chelsea,Wolverhampton Wanderers,3.98342,0.111462,0.9924,0.0074,0.0002,EPL,20,3,8,0,13,1,20.4000,10.4211,True,2.9846,0.008
28881,1903220,78,220,2025-11-09 14:00:00,1,2025,0,0,Crystal Palace,Brighton,0.839547,0.637037,0.3615,0.3807,0.2578,EPL,10,7,2,3,10,7,10.0000,11.7692,True,1.4652,1.1541
28882,1903221,72,228,2025-11-08 15:00:00,1,2025,2,0,Everton,Fulham,2.30607,0.424478,0.855,0.1105,0.0345,EPL,14,8,5,4,5,7,9.9000,15.1765,True,2.6755,0.21400000000000002
28883,1903222,88,87,2025-11-09 16:30:00,1,2025,3,0,Manchester City,Liverpool,1.59542,1.0281,0.5265,0.2798,0.1937,EPL,14,7,6,1,7,7,11.0000,11.8182,True,1.8593,0.8609
28884,1903223,249,245,2025-11-09 14:00:00,1,2025,3,1,Nottingham Forest,Leeds,2.49097,0.419461,0.8925,0.0884,0.0191,EPL,14,10,6,3,4,3,9.3500,15.1667,True,2.7659,0.1457
28885,1903224,77,83,2025-11-08 17:30:00,1,2025,2,2,Sunderland,Arsenal,1.20495,2.32943,0.1307,0.214,0.6553,EPL,6,17,2,7,7,11,9.4375,13.4667,True,0.6061,2.1799
28886,1903225,82,89,2025-11-08 12:30:00,1,2025,2,2,Tottenham,Manchester United,1.35532,0.820256,0.5103,0.2821,0.2076,EPL,10,5,4,2,5,3,13.3158,7.7241,True,1.813,0.9049
28887,1903226,81,92,2025-11-08 15:00:00,1,2025,3,2,West Ham,Burnley,2.96728,1.87478,0.6782,0.2072,0.1146,EPL,15,16,6,7,4,7,10.5263,15.4500,True,2.2418,0.5509999999999999
28888,1903227,73,81,2025-11-22 15:00:00,1,2025,2,2,Bournemouth,West Ham,3.48299,0.390782,0.9602,0.0349,0.0049,EPL,28,5,10,2,9,3,21.7273,2.3030,True,2.9155,0.0496
28889,1903228,83,82,2025-11-23 16:30:00,1,2025,4,1,Arsenal,Tottenham,2.27827,0.0300672,0.9246,0.0744,0.001,EPL,17,3,8,2,13,2,13.4444,6.2941,True,2.8482,0.0774
28890,1903229,220,244,2025-11-22 15:00:00,1,2025,2,1,Brighton,Brentford,0.977488,2.19979,0.0872,0.1756,0.7372,EPL,14,10,5,4,10,7,17.4000,7.4800,True,0.43720000000000003,2.3872
28891,1903230,92,80,2025-11-22 12:30:00,1,2025,0,2,Burnley,Chelsea,0.660943,1.72093,0.109,0.2248,0.6662,EPL,8,15,2,5,6,11,13.1579,14.1154,True,0.5518000000000001,2.2234000000000003
28892,1903231,228,77,2025-11-22 15:00:00,1,2025,1,0,Fulham,Sunderland,2.83729,0.222768,0.9361,0.0547,0.0092,EPL,24,4,6,2,17,2,13.0952,14.1333,True,2.863,0.0823
28893,1903232,245,71,2025-11-23 14:00:00,1,2025,1,2,Leeds,Aston Villa,1.84668,1.35978,0.5039,0.2601,0.236,EPL,14,14,5,3,5,5,11.9444,7.3333,True,1.7718,0.9681
28894,1903233,87,249,2025-11-22 15:00:00,1,2025,0,3,Liverpool,Nottingham Forest,1.79273,1.19459,0.5209,0.2497,0.2294,EPL,21,15,4,7,11,6,23.1538,4.6818,True,1.8124,0.9379
28895,1903234,89,72,2025-11-24 20:00:00,1,2025,0,1,Manchester United,Everton,2.2737,0.155063,0.8897,0.0985,0.0118,EPL,25,3,6,1,15,2,28.6667,4.7727,True,2.7676000000000003,0.13390000000000002
28896,1903235,86,88,2025-11-22 17:30:00,1,2025,2,1,Newcastle United,Manchester City,2.40555,2.45648,0.3783,0.2442,0.3775,EPL,9,17,5,4,4,16,7.7222,11.6818,True,1.3791,1.3767
28897,1903236,229,78,2025-11-22 15:00:00,1,2025,0,2,Wolverhampton Wanderers,Crystal Palace,1.66409,1.44933,0.428,0.285,0.287,EPL,8,10,1,4,10,11,10.0400,10.6957,True,1.569,1.146
28898,1903237,71,229,2025-11-30 14:05:00,1,2025,1,0,Aston Villa,Wolverhampton Wanderers,1.15486,0.692588,0.4809,0.3149,0.2042,EPL,16,9,6,4,5,3,10.2381,9.7500,True,1.7575999999999998,0.9275
28899,1903238,244,92,2025-11-29 15:00:00,1,2025,3,1,Brentford,Burnley,3.72106,0.874025,0.9508,0.0419,0.0073,EPL,14,6,4,2,5,1,11.8947,14.6429,True,2.8943,0.0638
28900,1903239,80,83,2025-11-30 16:30:00,1,2025,1,1,Chelsea,Arsenal,0.791914,1.22828,0.2095,0.3069,0.4836,EPL,11,8,4,4,2,7,7.7500,11.5500,True,0.9354,1.7576999999999998
28901,1903240,78,89,2025-11-30 12:00:00,1,2025,1,2,Crystal Palace,Manchester United,2.13561,1.47768,0.5412,0.2822,0.1766,EPL,14,14,3,6,4,1,8.9474,12.6842,True,1.9058000000000002,0.812
28902,1903241,72,86,2025-11-29 17:30:00,1,2025,1,4,Everton,Newcastle United,1.01125,2.45882,0.0953,0.1744,0.7303,EPL,10,13,2,8,13,8,21.6667,14.9130,True,0.4603,2.3653
28903,1903242,88,245,2025-11-29 15:00:00,1,2025,3,2,Manchester City,Leeds,2.85292,1.75142,0.6549,0.2088,0.1363,EPL,18,9,9,4,12,4,8.3667,12.2941,True,2.1735,0.6177
28904,1903243,249,220,2025-11-30 14:05:00,1,2025,0,2,Nottingham Forest,Brighton,0.960325,2.0572,0.1427,0.2061,0.6512,EPL,19,17,3,6,11,8,9.8800,13.1739,True,0.6342,2.1597
28905,1903244,77,73,2025-11-29 15:00:00,1,2025,3,2,Sunderland,Bournemouth,1.16955,1.79274,0.1677,0.3108,0.5215,EPL,11,18,6,6,9,9,7.7222,9.9000,True,0.8139000000000001,1.8752999999999997
28906,1903245,82,228,2025-11-29 20:00:00,1,2025,1,2,Tottenham,Fulham,1.04396,0.494736,0.5297,0.324,0.1463,EPL,14,7,2,3,3,5,12.5652,6.6897,True,1.9130999999999998,0.7629000000000001
28907,1903246,81,87,2025-11-30 14:05:00,1,2025,0,2,West Ham,Liverpool,0.364152,1.56793,0.0588,0.1997,0.7415,EPL,7,9,0,5,4,9,8.4783,13.8261,True,0.3761,2.4242
28908,1903247,73,72,2025-12-02 19:30:00,1,2025,0,1,Bournemouth,Everton,0.635415,1.19573,0.1737,0.3189,0.5074,EPL,5,13,2,3,7,5,11.7083,11.2857,True,0.8400000000000001,1.8410999999999997
28909,1903248,83,244,2025-12-03 19:30:00,1,2025,2,0,Arsenal,Brentford,2.63126,0.588716,0.8618,0.1086,0.0296,EPL,15,6,7,1,4,3,15.6111,6.9259,True,2.694,0.19740000000000002
28910,1903249,220,71,2025-12-03 19:30:00,1,2025,3,4,Brighton,Aston Villa,1.96298,3.15745,0.1501,0.1771,0.6728,EPL,16,14,7,10,5,11,14.4211,6.0000,True,0.6274000000000001,2.1954999999999996
28911,1903250,92,78,2025-12-03 19:30:00,1,2025,0,1,Burnley,Crystal Palace,1.16852,0.987797,0.3817,0.3288,0.2895,EPL,10,3,4,3,9,4,24.7857,9.7600,True,1.4739,1.1972999999999998
28912,1903251,228,88,2025-12-02 19:30:00,1,2025,4,5,Fulham,Manchester City,0.972635,1.96225,0.1408,0.2232,0.636,EPL,12,11,6,4,6,5,17.6364,10.0385,True,0.6456,2.1311999999999998
28913,1903252,245,80,2025-12-03 20:15:00,1,2025,3,1,Leeds,Chelsea,2.2047,0.964018,0.7167,0.1866,0.0967,EPL,17,14,5,2,3,8,5.7143,23.8889,True,2.3367,0.47669999999999996
28914,1903253,87,77,2025-12-03 20:15:00,1,2025,1,1,Liverpool,Sunderland,1.37633,0.712662,0.5385,0.2953,0.1662,EPL,23,9,4,6,5,3,19.3333,9.4706,True,1.9108,0.7938999999999999
28915,1903254,89,81,2025-12-04 20:00:00,1,2025,1,1,Manchester United,West Ham,2.27674,1.36584,0.6156,0.2213,0.1631,EPL,17,11,4,3,7,8,10.3333,5.4000,True,2.0681,0.7105999999999999
28916,1903255,86,82,2025-12-02 20:15:00,1,2025,2,2,Newcastle United,Tottenham,1.88558,1.05205,0.5817,0.2502,0.1681,EPL,19,8,7,2,5,4,12.9500,7.7600,True,1.9952999999999999,0.7545
28917,1903256,229,249,2025-12-03 19:30:00,1,2025,0,1,Wolverhampton Wanderers,Nottingham Forest,1.02461,1.12389,0.3096,0.3553,0.3351,EPL,5,10,1,3,2,7,13.4211,9.1739,True,1.2841,1.3606
28918,1903257,73,80,2025-12-06 15:00:00,1,2025,0,0,Bournemouth,Chelsea,1.41931,0.672602,0.6116,0.271,0.1174,EPL,13,11,5,4,6,4,8.1500,11.0769,True,2.1058,0.6232
28919,1903258,71,83,2025-12-06 12:30:00,1,2025,2,1,Aston Villa,Arsenal,2.71986,1.85965,0.5866,0.2031,0.2103,EPL,15,15,6,9,11,9,9.6364,13.4706,True,1.9629,0.8340000000000001
28920,1903476,220,81,2025-12-07 14:00:00,1,2025,1,1,Brighton,West Ham,2.10077,1.7064,0.4659,0.2432,0.2909,EPL,22,14,4,5,8,3,17.7333,6.0455,True,1.6409,1.1159000000000001
28921,1903477,72,249,2025-12-06 15:00:00,1,2025,3,0,Everton,Nottingham Forest,1.25348,0.31234,0.6583,0.263,0.0787,EPL,11,7,5,3,9,1,5.8077,8.4483,True,2.2379,0.49910000000000004
28922,1903478,228,78,2025-12-07 16:30:00,1,2025,1,2,Fulham,Crystal Palace,0.766771,1.71109,0.1398,0.2443,0.6159,EPL,12,11,4,5,5,3,21.1579,12.1579,True,0.6637,2.092
28923,1903479,245,87,2025-12-06 17:30:00,1,2025,3,3,Leeds,Liverpool,1.79333,2.04805,0.3199,0.2543,0.4258,EPL,12,16,5,7,4,5,10.1364,15.0625,True,1.214,1.5317
28924,1903480,88,77,2025-12-06 15:00:00,1,2025,3,0,Manchester City,Sunderland,2.41605,0.626486,0.8094,0.1365,0.0541,EPL,18,8,6,1,7,1,13.1905,16.7857,True,2.5646999999999998,0.2988
28925,1903481,86,92,2025-12-06 15:00:00,1,2025,2,1,Newcastle United,Burnley,1.80708,1.58375,0.4078,0.2946,0.2976,EPL,17,9,7,3,13,2,22.8462,7.1667,True,1.518,1.1873999999999998
28926,1903482,82,244,2025-12-06 15:00:00,1,2025,2,0,Tottenham,Brentford,2.42388,0.470563,0.874,0.1019,0.0241,EPL,15,4,7,1,8,8,11.1667,8.4583,True,2.7239,0.17420000000000002
28927,1903483,229,89,2025-12-08 20:00:00,1,2025,1,4,Wolverhampton Wanderers,Manchester United,0.262147,4.04708,0.0013,0.0112,0.9875,EPL,8,27,2,10,6,10,4.5833,8.0541,True,0.015099999999999999,2.9737000000000005
28928,1903484,83,229,2025-12-13 20:00:00,1,2025,2,1,Arsenal,Wolverhampton Wanderers,1.61796,0.61997,0.6309,0.2644,0.1047,EPL,16,3,2,2,12,3,15.2000,9.4167,True,2.1571000000000002,0.5785
28929,1903485,244,245,2025-12-14 16:30:00,1,2025,1,1,Brentford,Leeds,0.697006,1.63409,0.1171,0.2592,0.6237,EPL,7,17,2,4,6,9,18.3125,8.6500,True,0.6105,2.1303
28930,1903486,92,228,2025-12-13 17:30:00,1,2025,2,3,Burnley,Fulham,2.05486,1.65053,0.4687,0.2506,0.2807,EPL,16,6,8,4,8,7,23.8333,13.5652,True,1.6566999999999998,1.0927
28931,1903487,80,72,2025-12-13 15:00:00,1,2025,2,0,Chelsea,Everton,2.64457,1.34,0.6853,0.181,0.1337,EPL,17,11,5,2,6,4,15.2000,8.1739,True,2.2369000000000003,0.5821000000000001
28932,1903488,78,88,2025-12-14 14:00:00,1,2025,0,3,Crystal Palace,Manchester City,1.30092,1.35317,0.3229,0.2899,0.3872,EPL,16,7,4,6,8,3,13.0000,13.3704,True,1.2586000000000002,1.4515
28933,1903489,87,220,2025-12-13 15:00:00,1,2025,2,0,Liverpool,Brighton,2.4127,1.69004,0.5519,0.2199,0.2282,EPL,18,14,4,1,12,8,9.8667,18.3125,True,1.8756,0.9045
28934,1903490,89,73,2025-12-15 20:00:00,1,2025,4,4,Manchester United,Bournemouth,3.21204,2.35196,0.5797,0.1979,0.2224,EPL,25,14,9,9,18,12,13.5385,6.0556,True,1.937,0.8651
28935,1903491,249,82,2025-12-14 14:00:00,1,2025,3,0,Nottingham Forest,Tottenham,2.32658,0.380246,0.8804,0.0967,0.0229,EPL,15,6,6,1,1,4,7.8846,8.3600,True,2.7379,0.1654
28936,1903492,77,86,2025-12-14 14:00:00,1,2025,1,0,Sunderland,Newcastle United,0.630045,0.169329,0.4509,0.4675,0.0816,EPL,5,6,1,2,5,4,10.4375,11.6522,True,1.8202,0.7123
28937,1903493,81,71,2025-12-14 14:00:00,1,2025,2,3,West Ham,Aston Villa,1.27701,0.595093,0.5651,0.3111,0.1238,EPL,10,7,3,4,0,3,10.8571,12.4286,True,2.0064,0.6824999999999999
28938,1903494,73,92,2025-12-20 15:00:00,1,2025,1,1,Bournemouth,Burnley,1.81847,0.480528,0.7581,0.1923,0.0496,EPL,16,4,1,1,12,3,10.5909,5.5000,True,2.4666,0.34109999999999996
28939,1903495,71,89,2025-12-21 16:30:00,1,2025,2,1,Aston Villa,Manchester United,1.86917,1.30455,0.5333,0.27,0.1967,EPL,12,15,4,6,1,8,5.7895,11.5217,True,1.8699,0.8601000000000001
28940,1903496,220,77,2025-12-20 15:00:00,1,2025,0,0,Brighton,Sunderland,0.919272,1.31044,0.2447,0.2888,0.4665,EPL,16,14,4,6,10,8,8.5200,9.8824,True,1.0229,1.6883000000000001
28941,1903281,72,83,2025-12-20 20:00:00,1,2025,0,1,Everton,Arsenal,0.213273,1.84723,0.0177,0.1169,0.8654,EPL,5,13,1,2,0,13,13.8571,24.1176,True,0.17,2.7131
28942,1903284,228,249,2025-12-22 20:00:00,1,2025,1,0,Fulham,Nottingham Forest,1.70568,0.486296,0.743,0.1931,0.0639,EPL,11,12,1,2,5,7,16.0000,23.5833,True,2.4221,0.3848
28943,1903287,245,78,2025-12-20 20:00:00,1,2025,4,1,Leeds,Crystal Palace,2.90786,1.53058,0.7202,0.1848,0.095,EPL,20,9,8,3,7,5,8.7586,10.4737,True,2.3453999999999997,0.4698
28944,1903290,88,81,2025-12-20 15:00:00,1,2025,3,0,Manchester City,West Ham,3.58188,1.02143,0.9032,0.0686,0.0282,EPL,17,7,8,3,14,2,19.0909,7.7576,True,2.7782,0.1532
28945,1903293,86,80,2025-12-20 12:30:00,1,2025,2,2,Newcastle United,Chelsea,2.87863,1.0261,0.8323,0.117,0.0507,EPL,11,13,5,4,7,7,9.1500,8.2963,True,2.6139,0.2691
28946,1903296,82,87,2025-12-20 17:30:00,1,2025,1,2,Tottenham,Liverpool,1.34905,1.23164,0.3774,0.3092,0.3134,EPL,15,8,4,4,2,10,12.2308,17.8125,True,1.4414,1.2494
28947,1903299,229,244,2025-12-20 15:00:00,1,2025,0,2,Wolverhampton Wanderers,Brentford,1.26823,1.56309,0.2792,0.2924,0.4284,EPL,9,7,2,6,6,9,6.2333,13.3182,True,1.13,1.5776000000000001
28948,1903302,83,220,2025-12-27 15:00:00,1,2025,2,1,Arsenal,Brighton,2.54318,0.710064,0.822,0.1286,0.0494,EPL,24,8,6,3,8,6,10.8261,13.8824,True,2.5946,0.2768
28949,1903305,244,73,2025-12-27 15:00:00,1,2025,4,1,Brentford,Bournemouth,2.8513,2.56183,0.4446,0.2365,0.3189,EPL,15,20,7,11,9,5,6.8667,8.3000,True,1.5703,1.1932
28950,1903308,92,72,2025-12-27 15:00:00,1,2025,0,0,Burnley,Everton,1.24948,1.25204,0.338,0.2938,0.3682,EPL,16,15,0,6,4,6,11.6190,8.4286,True,1.3078,1.3984
28951,1903311,80,71,2025-12-27 17:30:00,1,2025,1,2,Chelsea,Aston Villa,1.97155,2.05918,0.3354,0.2749,0.3897,EPL,14,11,3,8,11,6,40.5714,4.7949,True,1.2811,1.444
28952,1903314,78,82,2025-12-28 16:30:00,1,2025,0,1,Crystal Palace,Tottenham,0.929681,0.870768,0.3247,0.3463,0.329,EPL,15,8,2,4,16,6,33.1111,7.2609,True,1.3204,1.3333000000000002
28953,1903316,87,229,2025-12-27 15:00:00,1,2025,2,1,Liverpool,Wolverhampton Wanderers,1.56502,0.780664,0.5756,0.2883,0.1361,EPL,14,9,4,4,12,2,13.4091,7.4348,True,2.0151,0.6966
28954,1903319,89,86,2025-12-26 20:00:00,1,2025,1,0,Manchester United,Newcastle United,0.940811,1.12998,0.2985,0.3125,0.389,EPL,9,16,3,3,1,9,7.7083,16.5000,True,1.208,1.4795
28955,1903323,249,88,2025-12-27 12:30:00,1,2025,1,2,Nottingham Forest,Manchester City,0.600141,1.46468,0.1293,0.2671,0.6036,EPL,7,16,2,5,4,11,6.4762,18.6875,True,0.655,2.0779
28956,1903326,77,245,2025-12-28 14:00:00,1,2025,1,1,Sunderland,Leeds,0.805957,2.60653,0.0588,0.1287,0.8125,EPL,8,17,3,6,5,16,9.8636,20.3333,True,0.30510000000000004,2.5662
28957,1903330,81,228,2025-12-27 15:00:00,1,2025,0,1,West Ham,Fulham,1.13719,1.11436,0.3509,0.3111,0.338,EPL,11,15,2,4,11,5,10.0000,12.3500,True,1.3638,1.3251
28958,1903333,83,71,2025-12-30 20:15:00,1,2025,4,1,Arsenal,Aston Villa,4.41335,2.94195,0.6941,0.1691,0.1368,EPL,22,11,7,3,8,4,21.3750,8.4516,True,2.2514,0.5795
28959,1903336,244,82,2026-01-01 20:00:00,1,2025,0,0,Brentford,Tottenham,0.556304,0.608309,0.2635,0.4337,0.3028,EPL,7,9,2,3,3,7,18.9375,7.6071,True,1.2242,1.3421
28960,1903339,92,86,2025-12-30 19:30:00,1,2025,1,3,Burnley,Newcastle United,1.32551,2.49248,0.129,0.196,0.675,EPL,15,20,4,9,11,7,11.5000,12.2609,True,0.583,2.2210000000000005
28961,1903342,80,73,2025-12-30 19:30:00,1,2025,2,2,Chelsea,Bournemouth,2.33294,3.49142,0.1502,0.1905,0.6593,EPL,17,17,3,6,10,8,15.8125,4.9583,True,0.6411,2.1684
28962,1903345,78,228,2026-01-01 17:30:00,1,2025,1,1,Crystal Palace,Fulham,2.35346,1.75434,0.5385,0.2305,0.231,EPL,11,17,3,5,10,9,8.1200,25.7692,True,1.8459999999999999,0.9235000000000001
28963,1903348,87,245,2026-01-01 17:30:00,1,2025,0,0,Liverpool,Leeds,1.67833,0.15936,0.8379,0.1434,0.0187,EPL,19,4,4,2,10,1,17.5000,6.5217,True,2.6571000000000002,0.1995
28964,1903351,89,229,2025-12-30 20:15:00,1,2025,1,1,Manchester United,Wolverhampton Wanderers,1.13306,1.21784,0.3127,0.3104,0.3769,EPL,15,11,6,4,6,7,17.4118,7.6667,True,1.2485,1.4411
28965,1903354,249,72,2025-12-30 19:30:00,1,2025,0,2,Nottingham Forest,Everton,1.75445,1.69525,0.3776,0.2639,0.3585,EPL,21,11,6,3,16,4,13.4348,5.5556,True,1.3967,1.3394
28966,1903357,77,88,2026-01-01 20:00:00,1,2025,0,0,Sunderland,Manchester City,0.962141,2.44247,0.0985,0.1597,0.7418,EPL,10,14,4,4,5,17,5.6923,8.5405,True,0.4552,2.3851
28967,1903360,81,220,2025-12-30 19:30:00,1,2025,2,2,West Ham,Brighton,2.27644,3.08914,0.1995,0.2097,0.5908,EPL,10,16,4,6,5,5,6.8462,14.5238,True,0.8082,1.9821
28968,1903259,86,78,2026-01-04 15:00:00,1,2025,2,0,Newcastle United,Crystal Palace,2.72764,1.27825,0.7489,0.1653,0.0858,EPL,12,11,7,1,10,9,9.2667,9.1875,True,2.412,0.4227
28969,1903261,82,77,2026-01-04 15:00:00,1,2025,1,1,Tottenham,Sunderland,1.4175,0.467481,0.6917,0.2321,0.0762,EPL,13,10,5,3,9,9,8.2500,7.4074,True,2.3072,0.4607
28970,1903263,229,81,2026-01-03 15:00:00,1,2025,3,0,Wolverhampton Wanderers,West Ham,2.23925,0.235678,0.9109,0.0781,0.011,EPL,11,6,8,0,2,6,5.2188,28.0000,True,2.8108000000000004,0.1111
28971,1903363,73,83,2026-01-03 17:30:00,1,2025,2,3,Bournemouth,Arsenal,0.947846,1.28,0.2551,0.2988,0.4461,EPL,15,12,3,5,4,9,7.9545,15.6250,True,1.0641,1.6371
28972,1903366,71,249,2026-01-03 12:30:00,1,2025,3,1,Aston Villa,Nottingham Forest,1.42988,0.8982,0.5062,0.2854,0.2084,EPL,11,10,4,5,20,3,14.6087,4.0303,True,1.8039999999999998,0.9106
28973,1903369,220,92,2026-01-03 15:00:00,1,2025,2,0,Brighton,Burnley,1.4717,0.254551,0.7247,0.2236,0.0517,EPL,15,5,4,3,6,1,14.2069,12.2632,True,2.3977,0.37870000000000004
28974,1903371,72,244,2026-01-04 15:00:00,1,2025,2,4,Everton,Brentford,1.00566,3.05179,0.0586,0.1135,0.8279,EPL,14,11,6,7,5,5,9.2000,11.0000,True,0.2893,2.5972
28975,1903374,228,87,2026-01-04 15:00:00,1,2025,2,2,Fulham,Liverpool,0.609182,1.7188,0.0957,0.2177,0.6866,EPL,8,10,2,2,4,8,20.2857,18.6667,True,0.5047999999999999,2.2775
28976,1903375,245,89,2026-01-04 12:30:00,1,2025,1,1,Leeds,Manchester United,0.970138,1.94781,0.1395,0.2351,0.6254,EPL,10,15,3,2,11,8,10.5000,8.8286,True,0.6536000000000001,2.1113
28977,1903376,88,80,2026-01-04 17:30:00,1,2025,1,1,Manchester City,Chelsea,1.03049,2.03726,0.1151,0.2012,0.6837,EPL,14,8,3,3,7,2,13.1600,8.2121,True,0.5465,2.2523
28978,1903276,72,229,2026-01-07 19:30:00,1,2025,1,1,Everton,Wolverhampton Wanderers,1.63321,0.71329,0.6437,0.2323,0.124,EPL,13,12,2,4,2,5,10.5263,10.2083,True,2.1634,0.6043000000000001
28979,1903265,73,82,2026-01-07 19:30:00,1,2025,3,2,Bournemouth,Tottenham,1.19014,1.6261,0.2401,0.2869,0.473,EPL,11,16,3,4,4,8,9.2222,9.0714,True,1.0072,1.7059
28980,1903267,83,87,2026-01-08 20:00:00,1,2025,0,0,Arsenal,Liverpool,0.701832,0.318642,0.4144,0.4412,0.1444,EPL,9,8,4,0,10,0,19.1818,13.3810,True,1.6844,0.8744000000000001
28981,1903269,244,77,2026-01-07 19:30:00,1,2025,3,0,Brentford,Sunderland,3.86096,1.50644,0.8769,0.0866,0.0365,EPL,18,11,6,3,13,5,10.6316,14.1875,True,2.7173,0.1961
28982,1903271,92,89,2026-01-07 20:15:00,1,2025,2,2,Burnley,Manchester United,0.31971,2.52488,0.0234,0.1025,0.8741,EPL,7,30,1,10,1,13,8.3333,11.8077,True,0.1727,2.7248
28983,1903274,78,71,2026-01-07 19:30:00,1,2025,0,0,Crystal Palace,Aston Villa,1.32505,2.07015,0.193,0.2327,0.5743,EPL,11,15,5,3,8,10,13.4667,19.3333,True,0.8117,1.9556
28984,1903279,228,80,2026-01-07 19:30:00,1,2025,2,1,Fulham,Chelsea,1.06013,2.45107,0.1032,0.1646,0.7322,EPL,16,14,5,6,15,5,12.6087,10.5926,True,0.47419999999999995,2.3612
28985,1903282,88,220,2026-01-07 19:30:00,1,2025,1,1,Manchester City,Brighton,2.95904,1.33162,0.7562,0.1607,0.0831,EPL,22,6,6,3,13,1,12.4000,9.5926,True,2.4293,0.41
28986,1903285,86,245,2026-01-07 20:15:00,1,2025,4,3,Newcastle United,Leeds,2.43495,2.35318,0.401,0.2529,0.3461,EPL,18,14,8,6,8,5,10.9333,8.1500,True,1.4559000000000002,1.2912
28987,1903288,81,249,2026-01-06 20:00:00,1,2025,1,2,West Ham,Nottingham Forest,1.73697,1.26683,0.4809,0.2855,0.2336,EPL,14,13,3,5,7,8,12.0000,9.9474,True,1.7281999999999997,0.9863
28988,1903291,71,72,2026-01-18 16:30:00,1,2025,0,1,Aston Villa,Everton,0.905393,0.745859,0.3565,0.3572,0.2863,EPL,18,9,5,3,10,3,11.2500,7.8947,True,1.4266999999999999,1.2161
28989,1903294,220,73,2026-01-19 20:00:00,1,2025,1,1,Brighton,Bournemouth,0.995777,1.69737,0.1781,0.2457,0.5762,EPL,17,12,5,2,8,7,22.3846,6.6500,True,0.78,1.9743000000000002
28990,1903297,80,244,2026-01-17 15:00:00,1,2025,2,0,Chelsea,Brentford,1.62263,1.47521,0.4189,0.2809,0.3002,EPL,6,15,2,5,1,9,10.5385,17.9412,True,1.5375999999999999,1.1815
28991,1903300,245,228,2026-01-17 15:00:00,1,2025,1,0,Leeds,Fulham,2.16898,0.258796,0.864,0.1163,0.0197,EPL,14,8,5,1,5,4,11.8000,17.1579,True,2.7083,0.1754
28992,1903303,87,92,2026-01-17 15:00:00,1,2025,1,1,Liverpool,Burnley,3.49045,0.546971,0.9471,0.041,0.0119,EPL,32,7,11,1,27,5,16.5882,6.9412,True,2.8823000000000003,0.0767
28993,1903304,89,88,2026-01-17 12:30:00,1,2025,2,0,Manchester United,Manchester City,3.07278,0.387015,0.9392,0.0489,0.0119,EPL,11,7,7,1,4,11,6.5714,15.8500,True,2.8665000000000003,0.08460000000000001
28994,1903307,249,83,2026-01-17 17:30:00,1,2025,0,0,Nottingham Forest,Arsenal,0.318481,2.86323,0.0086,0.0474,0.944,EPL,6,15,0,3,5,12,6.3000,31.5556,True,0.0732,2.8794
28995,1903310,77,78,2026-01-17 15:00:00,1,2025,2,1,Sunderland,Crystal Palace,1.84601,1.15169,0.5566,0.26,0.1834,EPL,13,6,7,2,2,2,12.1500,8.1579,True,1.9298,0.8102
28996,1903313,82,81,2026-01-17 15:00:00,1,2025,1,2,Tottenham,West Ham,1.65292,2.76761,0.1425,0.202,0.6555,EPL,21,17,6,4,11,3,12.0500,5.7931,True,0.6295,2.1685
28997,1903317,229,86,2026-01-18 14:00:00,1,2025,0,0,Wolverhampton Wanderers,Newcastle United,0.390216,0.813313,0.1649,0.3912,0.4439,EPL,6,12,2,2,5,7,7.6000,25.0000,True,0.8858999999999999,1.7229
28998,1903320,73,87,2026-01-24 17:30:00,1,2025,3,2,Bournemouth,Liverpool,3.31474,0.937335,0.8979,0.0725,0.0296,EPL,12,14,5,4,7,18,9.8750,34.0000,True,2.7662,0.1613
28999,1903322,83,89,2026-01-25 16:30:00,1,2025,2,3,Arsenal,Manchester United,1.42411,0.640902,0.6023,0.2707,0.127,EPL,15,10,4,3,12,1,12.0588,8.6087,True,2.0776,0.6517
29000,1903325,244,249,2026-01-25 14:00:00,1,2025,0,2,Brentford,Nottingham Forest,2.00413,1.38958,0.5375,0.2893,0.1732,EPL,10,7,1,2,13,3,17.0000,5.3077,True,1.9017999999999997,0.8089
29001,1903328,92,82,2026-01-24 15:00:00,1,2025,2,2,Burnley,Tottenham,1.54884,2.59093,0.153,0.2126,0.6344,EPL,9,18,4,11,5,4,7.5185,11.7241,True,0.6716,2.1158
29002,1903331,78,80,2026-01-25 14:00:00,1,2025,1,3,Crystal Palace,Chelsea,2.41793,3.08817,0.2467,0.2125,0.5408,EPL,13,10,7,6,5,4,9.3077,17.4167,True,0.9526,1.8348999999999998
29003,1903334,72,245,2026-01-26 20:00:00,1,2025,1,1,Everton,Leeds,0.889916,1.6766,0.1546,0.259,0.5864,EPL,10,14,3,4,6,7,10.2727,12.7778,True,0.7228,2.0182
29004,1903337,228,220,2026-01-24 15:00:00,1,2025,2,1,Fulham,Brighton,1.13243,1.94652,0.1687,0.2381,0.5932,EPL,12,13,4,5,7,6,13.6522,17.5294,True,0.7442,2.0177
29005,1903340,88,229,2026-01-24 15:00:00,1,2025,2,0,Manchester City,Wolverhampton Wanderers,1.0654,0.542683,0.4964,0.3317,0.1719,EPL,11,11,4,1,10,2,20.6111,5.9231,True,1.8209,0.8474
29006,1903343,86,71,2026-01-25 14:00:00,1,2025,0,2,Newcastle United,Aston Villa,1.95484,1.32143,0.5465,0.2409,0.2126,EPL,15,14,4,8,4,6,11.2917,6.5455,True,1.8803999999999998,0.8787
29007,1903260,81,77,2026-01-24 12:30:00,1,2025,3,1,West Ham,Sunderland,2.18675,0.713838,0.777,0.1625,0.0605,EPL,13,7,5,2,5,1,8.5909,13.9444,True,2.4935,0.344
29008,1903262,71,244,2026-02-01 14:00:00,1,2025,0,1,Aston Villa,Brentford,2.15316,0.314916,0.8302,0.1363,0.0335,EPL,27,6,5,2,20,2,18.2308,8.6250,True,2.6269,0.2368
29009,1903266,80,81,2026-01-31 17:30:00,1,2025,3,2,Chelsea,West Ham,2.66133,1.72585,0.6123,0.2211,0.1666,EPL,14,11,6,6,6,6,32.3333,5.0385,True,2.058,0.7209
29010,1903264,220,72,2026-01-31 15:00:00,1,2025,1,1,Brighton,Everton,1.42825,1.28126,0.3888,0.2998,0.3114,EPL,11,7,2,4,9,7,16.5556,7.3333,True,1.4662,1.234
29011,1903275,77,92,2026-02-02 20:00:00,1,2025,3,0,Sunderland,Burnley,1.8865,0.126371,0.8773,0.1119,0.0108,EPL,14,5,5,0,7,2,10.6957,19.6667,True,2.7438,0.14429999999999998
29012,1903272,89,228,2026-02-01 14:00:00,1,2025,3,2,Manchester United,Fulham,1.84362,1.71998,0.3948,0.2664,0.3388,EPL,13,14,6,6,7,7,11.8421,19.3529,True,1.4507999999999999,1.2828
29013,1903273,249,78,2026-02-01 14:00:00,1,2025,1,1,Nottingham Forest,Crystal Palace,0.987254,1.648,0.1767,0.2772,0.5461,EPL,9,14,1,3,3,10,4.6452,34.7500,True,0.8073,1.9155000000000002
29014,1903270,87,86,2026-01-31 20:00:00,1,2025,4,1,Liverpool,Newcastle United,3.09973,0.284319,0.9463,0.0443,0.0094,EPL,17,8,7,2,11,6,17.0833,10.0526,True,2.8832,0.07250000000000001
29015,1903268,245,83,2026-01-31 15:00:00,1,2025,0,4,Leeds,Arsenal,0.17871,3.54427,0.0022,0.0201,0.9777,EPL,3,14,1,8,1,6,12.2105,9.5909,True,0.0267,2.9532
29016,1903277,82,88,2026-02-01 16:30:00,1,2025,2,2,Tottenham,Manchester City,1.49738,2.03614,0.2511,0.2387,0.5102,EPL,12,15,6,3,10,7,9.6000,11.6333,True,0.992,1.7692999999999999
29017,1903278,229,73,2026-01-31 15:00:00,1,2025,0,2,Wolverhampton Wanderers,Bournemouth,2.10353,1.59116,0.4904,0.26,0.2496,EPL,17,9,7,4,5,4,12.2083,13.5714,True,1.7312,1.0088
29018,1903280,73,71,2026-02-07 15:00:00,1,2025,1,1,Bournemouth,Aston Villa,1.82646,0.646496,0.6897,0.2097,0.1006,EPL,20,7,9,4,6,8,13.5882,11.9412,True,2.2787999999999995,0.5115
29019,1903283,83,77,2026-02-07 15:00:00,1,2025,3,0,Arsenal,Sunderland,1.19401,0.427225,0.569,0.3173,0.1137,EPL,16,5,5,3,9,1,13.7143,9.0769,True,2.0242999999999998,0.6584
29020,1903286,220,78,2026-02-08 14:00:00,1,2025,0,1,Brighton,Crystal Palace,0.737798,0.928404,0.2553,0.3644,0.3803,EPL,7,7,2,4,3,6,20.4444,7.5714,True,1.1303,1.5053
29021,1903289,92,81,2026-02-07 15:00:00,1,2025,0,2,Burnley,West Ham,1.84644,1.1223,0.5545,0.2637,0.1818,EPL,18,6,5,4,6,4,14.4667,11.4348,True,1.9272,0.8090999999999999
29022,1903292,228,72,2026-02-07 15:00:00,1,2025,1,2,Fulham,Everton,2.20126,1.88778,0.4559,0.2296,0.3145,EPL,13,16,3,3,11,6,12.7273,12.8235,True,1.5973000000000002,1.1731
29023,1903295,245,249,2026-02-06 20:00:00,1,2025,3,1,Leeds,Nottingham Forest,3.38179,1.6608,0.7774,0.1399,0.0827,EPL,14,16,5,6,10,6,21.5000,9.1500,True,2.4720999999999997,0.388
29024,1903298,87,88,2026-02-08 16:30:00,1,2025,1,2,Liverpool,Manchester City,1.26652,2.41476,0.1318,0.1961,0.6721,EPL,15,16,4,7,8,12,7.4400,19.6667,True,0.5914999999999999,2.2124
29025,1903301,89,82,2026-02-07 12:30:00,1,2025,2,0,Manchester United,Tottenham,2.16576,0.593404,0.7759,0.1586,0.0655,EPL,23,7,10,1,18,8,20.2000,8.9545,True,2.4863,0.35509999999999997
29026,1903306,86,244,2026-02-07 17:30:00,1,2025,2,3,Newcastle United,Brentford,3.3215,1.65022,0.7774,0.1378,0.0848,EPL,16,11,4,5,8,11,11.0500,17.3333,True,2.4699999999999998,0.3922
29027,1903309,229,80,2026-02-07 15:00:00,1,2025,1,3,Wolverhampton Wanderers,Chelsea,1.11372,3.76278,0.0241,0.0624,0.9135,EPL,11,15,3,6,6,10,9.4800,34.6000,True,0.1347,2.8028999999999997
29028,1903312,71,220,2026-02-11 19:30:00,1,2025,1,0,Aston Villa,Brighton,0.576138,0.481306,0.3064,0.4474,0.2462,EPL,15,9,1,3,10,5,8.3793,16.1429,True,1.3666,1.186
29029,1903315,244,83,2026-02-12 20:00:00,1,2025,1,1,Brentford,Arsenal,1.81154,0.78418,0.6367,0.2304,0.1329,EPL,12,7,3,2,5,9,8.0909,9.5238,True,2.1405000000000003,0.6291
29030,1903318,80,245,2026-02-10 19:30:00,1,2025,2,2,Chelsea,Leeds,3.21176,1.28948,0.8272,0.1298,0.043,EPL,19,4,4,2,9,2,24.7647,10.4000,True,2.6114,0.25880000000000003
29031,1903321,78,92,2026-02-11 19:30:00,1,2025,2,3,Crystal Palace,Burnley,2.1276,0.691273,0.7338,0.1809,0.0853,EPL,21,8,3,3,15,5,18.7059,7.6842,True,2.3823,0.4368
29032,1903324,72,73,2026-02-10 19:30:00,1,2025,1,2,Everton,Bournemouth,2.33114,1.4121,0.6046,0.235,0.1604,EPL,16,11,6,4,5,5,13.0000,8.4000,True,2.0488,0.7162
29033,1903327,88,228,2026-02-11 19:30:00,1,2025,3,0,Manchester City,Fulham,1.67722,1.05283,0.5343,0.2546,0.2111,EPL,13,14,5,3,5,3,17.4762,14.5714,True,1.8575,0.8878999999999999
29034,1903329,249,229,2026-02-11 19:30:00,1,2025,0,0,Nottingham Forest,Wolverhampton Wanderers,3.69094,0.406959,0.9709,0.0249,0.0042,EPL,35,7,10,3,13,2,9.9167,7.1818,True,2.9376,0.0375
29035,1903332,77,87,2026-02-11 20:15:00,1,2025,0,1,Sunderland,Liverpool,0.693794,3.08172,0.0341,0.0804,0.8855,EPL,11,23,2,3,8,10,9.8571,11.4211,True,0.1827,2.7369
29036,1903335,82,86,2026-02-10 19:30:00,1,2025,1,2,Tottenham,Newcastle United,1.68925,2.46991,0.2104,0.2207,0.5689,EPL,16,21,2,5,9,11,8.4074,7.3636,True,0.8519,1.9274
29037,1903338,81,89,2026-02-10 20:15:00,1,2025,1,1,West Ham,Manchester United,1.30746,0.735767,0.5384,0.2938,0.1678,EPL,7,9,3,3,1,5,10.6667,15.7143,True,1.909,0.7972000000000001
29038,1903341,71,245,2026-02-21 15:00:00,1,2025,1,1,Aston Villa,Leeds,1.25439,1.27855,0.349,0.2903,0.3607,EPL,16,14,4,4,11,3,9.8800,5.3333,True,1.3373,1.3724
29039,1903344,244,220,2026-02-21 15:00:00,1,2025,0,2,Brentford,Brighton,1.69023,1.37203,0.4477,0.2841,0.2682,EPL,13,11,3,7,8,5,9.0370,15.3077,True,1.6272,1.0887
29040,1903347,80,92,2026-02-21 15:00:00,1,2025,1,1,Chelsea,Burnley,2.51534,1.01255,0.7629,0.1628,0.0743,EPL,12,12,2,4,12,4,15.6316,7.6818,True,2.4515,0.38570000000000004
29041,1903380,78,229,2026-02-22 14:00:00,1,2025,1,0,Crystal Palace,Wolverhampton Wanderers,2.03559,1.67749,0.459,0.2691,0.2719,EPL,14,12,3,7,4,5,10.0000,6.0500,True,1.6461000000000001,1.0848
29042,1903383,72,89,2026-02-23 20:00:00,1,2025,0,1,Everton,Manchester United,0.560924,1.4547,0.1076,0.245,0.6474,EPL,12,11,4,3,6,5,13.8333,10.9583,True,0.5678,2.1872
29043,1903385,88,86,2026-02-21 20:00:00,1,2025,2,1,Manchester City,Newcastle United,2.22648,0.507954,0.8142,0.1373,0.0485,EPL,15,13,7,7,11,1,8.1923,9.5652,True,2.5799000000000003,0.28280000000000005
29044,1903386,249,87,2026-02-22 14:00:00,1,2025,0,1,Nottingham Forest,Liverpool,0.934768,2.39634,0.0658,0.1486,0.7856,EPL,18,10,2,4,2,3,9.0909,10.6000,True,0.346,2.5054
29045,1903390,77,228,2026-02-22 14:00:00,1,2025,1,3,Sunderland,Fulham,1.7609,2.16696,0.2628,0.2664,0.4708,EPL,12,12,2,4,16,8,12.0476,16.4167,True,1.0548,1.6787999999999998
29046,1903393,82,83,2026-02-22 16:30:00,1,2025,1,4,Tottenham,Arsenal,0.383264,3.31701,0.0088,0.0401,0.9511,EPL,6,20,5,7,0,9,5.7333,7.4643,True,0.0665,2.8933999999999997
29047,1903394,81,73,2026-02-21 17:30:00,1,2025,0,0,West Ham,Bournemouth,2.34412,0.522731,0.8387,0.1203,0.041,EPL,20,10,3,5,8,3,7.6522,12.4545,True,2.6363999999999996,0.24330000000000002
29048,1903396,73,77,2026-02-28 12:30:00,1,2025,1,1,Bournemouth,Sunderland,1.82434,1.07887,0.5551,0.2648,0.1801,EPL,21,8,5,4,9,1,5.9118,4.7778,True,1.9301000000000001,0.8050999999999999
29049,1903399,83,80,2026-03-01 16:30:00,1,2025,2,1,Arsenal,Chelsea,1.71598,1.35268,0.4449,0.2926,0.2625,EPL,12,9,5,3,10,4,8.9524,15.1818,True,1.6273,1.0801
29050,1903400,220,249,2026-03-01 14:00:00,1,2025,2,1,Brighton,Nottingham Forest,1.20107,0.83055,0.4523,0.3035,0.2442,EPL,14,13,7,4,10,2,14.9048,9.4138,True,1.6604,1.0361
29051,1903402,92,244,2026-02-28 15:00:00,1,2025,3,4,Burnley,Brentford,0.823824,2.44595,0.0609,0.1435,0.7956,EPL,12,16,3,7,4,9,6.5556,16.1765,True,0.3262,2.5303
29052,1903404,228,82,2026-03-01 14:00:00,1,2025,2,1,Fulham,Tottenham,2.3207,0.952091,0.7069,0.1828,0.1103,EPL,18,13,4,1,12,6,12.4348,10.4762,True,2.3034999999999997,0.5136999999999999
29053,1903406,245,88,2026-02-28 17:30:00,1,2025,0,1,Leeds,Manchester City,1.37824,2.46834,0.1403,0.1978,0.6619,EPL,14,14,2,5,4,6,17.0000,15.3500,True,0.6187,2.1835
29054,1903408,87,81,2026-02-28 15:00:00,1,2025,5,2,Liverpool,West Ham,2.09939,1.3517,0.5536,0.2339,0.2125,EPL,18,11,7,4,14,5,7.4231,9.4167,True,1.8947,0.8714
29055,1903410,89,78,2026-03-01 14:00:00,1,2025,2,1,Manchester United,Crystal Palace,2.34609,0.384699,0.8774,0.1001,0.0225,EPL,20,8,11,3,8,5,14.8571,11.1905,True,2.7323,0.1676
29056,1903412,86,72,2026-02-28 15:00:00,1,2025,2,3,Newcastle United,Everton,1.11889,2.40731,0.0575,0.169,0.7735,EPL,17,9,7,5,13,4,16.0000,4.8667,True,0.3415,2.4895
29057,1903414,229,71,2026-02-27 20:00:00,1,2025,2,0,Wolverhampton Wanderers,Aston Villa,1.50771,1.31328,0.4226,0.2827,0.2947,EPL,9,14,2,5,1,7,5.3333,17.1053,True,1.5504999999999998,1.1668
29058,1903416,73,244,2026-03-03 19:30:00,1,2025,0,0,Bournemouth,Brentford,2.3177,0.673328,0.7902,0.1515,0.0583,EPL,13,5,2,2,12,4,8.3636,10.4167,True,2.5221,0.3264
29059,1903418,71,80,2026-03-04 19:30:00,1,2025,1,4,Aston Villa,Chelsea,1.06854,3.38883,0.0343,0.0834,0.8823,EPL,9,15,4,8,6,12,12.6667,22.8889,True,0.1863,2.7303
29060,1903421,220,83,2026-03-04 19:30:00,1,2025,0,1,Brighton,Arsenal,0.919228,0.514803,0.4417,0.3688,0.1895,EPL,11,7,3,2,6,3,12.1429,7.1250,True,1.6939,0.9373
29061,1903423,72,92,2026-03-03 19:30:00,1,2025,2,0,Everton,Burnley,1.15845,0.762229,0.4352,0.3436,0.2212,EPL,14,5,5,2,4,2,14.2381,12.0417,True,1.6492,1.0072
29062,1903425,228,81,2026-03-04 19:30:00,1,2025,0,1,Fulham,West Ham,0.628123,1.49528,0.126,0.2422,0.6318,EPL,13,9,5,3,9,3,18.9412,10.5909,True,0.6202,2.1376
29063,1903427,245,77,2026-03-03 19:30:00,1,2025,0,1,Leeds,Sunderland,0.888232,0.843856,0.2954,0.3643,0.3403,EPL,18,3,4,1,7,1,15.4762,3.9630,True,1.2505,1.3852
29064,1903429,88,249,2026-03-04 19:30:00,1,2025,2,2,Manchester City,Nottingham Forest,2.72655,1.23642,0.7332,0.1652,0.1016,EPL,21,9,7,4,14,3,27.5833,10.6316,True,2.3648,0.47
29065,1903431,86,89,2026-03-04 20:15:00,1,2025,2,1,Newcastle United,Manchester United,1.96637,1.80571,0.4273,0.2544,0.3183,EPL,12,14,5,5,8,11,6.8214,8.6296,True,1.5363,1.2093
29066,1903433,82,78,2026-03-05 20:00:00,1,2025,1,3,Tottenham,Crystal Palace,1.29615,1.91515,0.2054,0.2575,0.5371,EPL,12,9,4,4,3,9,10.5294,13.8571,True,0.8736999999999999,1.8688
29067,1903435,229,87,2026-03-03 20:15:00,1,2025,2,1,Wolverhampton Wanderers,Liverpool,0.636033,2.17217,0.0584,0.166,0.7756,EPL,4,19,3,7,1,10,7.1429,22.3571,True,0.3412,2.4928
29068,1903437,83,72,2026-03-14 17:30:00,1,2025,2,0,Arsenal,Everton,1.90855,1.17847,0.5602,0.2503,0.1895,EPL,25,9,7,3,10,1,15.6667,7.7826,True,1.9309,0.8188
29069,1903439,244,229,2026-03-16 20:00:00,1,2025,2,2,Brentford,Wolverhampton Wanderers,2.7966,1.80044,0.6218,0.2068,0.1714,EPL,10,13,3,4,7,9,13.6471,8.9286,True,2.0722,0.721
29070,1903441,92,73,2026-03-14 15:00:00,1,2025,0,0,Burnley,Bournemouth,1.67695,2.36979,0.2336,0.2214,0.545,EPL,15,22,2,3,5,9,9.5385,12.6500,True,0.9222,1.8564000000000003
29071,1903443,80,86,2026-03-14 17:30:00,1,2025,0,1,Chelsea,Newcastle United,1.72508,1.03251,0.5331,0.2697,0.1972,EPL,22,7,3,5,12,7,17.3158,10.6471,True,1.869,0.8613
29072,1903445,78,245,2026-03-15 14:00:00,1,2025,0,0,Crystal Palace,Leeds,0.525205,1.13558,0.1278,0.3017,0.5705,EPL,12,10,0,3,2,4,17.6154,8.1667,True,0.6851,2.0132
29073,1903447,87,82,2026-03-15 16:30:00,1,2025,1,1,Liverpool,Tottenham,1.30076,1.15636,0.3856,0.2861,0.3283,EPL,17,13,4,7,17,3,13.1500,5.5385,True,1.4429,1.271
29074,1903450,89,71,2026-03-15 14:00:00,1,2025,3,1,Manchester United,Aston Villa,1.67823,1.21071,0.4854,0.264,0.2506,EPL,16,9,6,2,5,10,17.3333,9.7273,True,1.7202,1.0158
29075,1903452,249,228,2026-03-15 14:00:00,1,2025,0,0,Nottingham Forest,Fulham,0.821011,0.933988,0.2552,0.3626,0.3822,EPL,11,5,2,0,3,3,12.2500,21.5385,True,1.1281999999999999,1.5091999999999999
29076,1903456,77,220,2026-03-14 15:00:00,1,2025,0,1,Sunderland,Brighton,0.659083,1.12832,0.1994,0.3158,0.4848,EPL,14,12,4,4,9,12,8.6800,20.0769,True,0.9139999999999999,1.7702000000000002
29077,1903459,81,88,2026-03-14 20:00:00,1,2025,1,1,West Ham,Manchester City,0.488982,1.9546,0.0452,0.1911,0.7637,EPL,1,25,1,6,2,8,9.2500,17.2273,True,0.3267,2.4822
29078,1903460,73,89,2026-03-20 20:00:00,1,2025,2,2,Bournemouth,Manchester United,1.76664,1.74574,0.36,0.2839,0.3561,EPL,16,14,5,5,6,8,12.0952,10.9000,True,1.3639000000000001,1.3522
29079,1903461,71,81,2026-03-22 14:15:00,1,2025,2,0,Aston Villa,West Ham,2.48528,0.760054,0.8124,0.1316,0.056,EPL,23,9,7,1,15,5,15.5294,14.6667,True,2.5688,0.2996
29080,1903462,220,87,2026-03-21 12:30:00,1,2025,2,1,Brighton,Liverpool,3.42956,0.956801,0.9049,0.069,0.0261,EPL,16,12,7,5,7,7,11.1250,11.5000,True,2.7837,0.14730000000000001
29081,1903463,72,80,2026-03-21 17:30:00,1,2025,3,0,Everton,Chelsea,1.44532,1.35143,0.3819,0.2794,0.3387,EPL,10,12,9,4,7,9,11.8333,29.3077,True,1.4251,1.2955
29082,1903464,228,92,2026-03-21 15:00:00,1,2025,3,1,Fulham,Burnley,3.48438,1.92556,0.7203,0.1586,0.1211,EPL,22,9,6,5,16,4,20.9231,16.1333,True,2.3195,0.5219
29083,1903465,245,244,2026-03-21 20:00:00,1,2025,0,0,Leeds,Brentford,0.417296,0.302221,0.2789,0.5413,0.1798,EPL,14,6,4,2,9,2,12.1667,8.8182,True,1.3780000000000001,1.0807
29084,1903466,88,78,2026-05-13 20:00:00,1,2025,3,0,Manchester City,Crystal Palace,1.95679,0.428862,0.7928,0.1582,0.049,EPL,15,6,4,2,17,2,28.0833,7.8333,True,2.5366,0.3052
29085,1903467,86,77,2026-03-22 12:00:00,1,2025,1,2,Newcastle United,Sunderland,1.26705,2.66657,0.1162,0.1637,0.7201,EPL,16,17,4,7,3,10,11.0455,6.2353,True,0.5123,2.324
29086,1903468,82,249,2026-03-22 14:15:00,1,2025,0,3,Tottenham,Nottingham Forest,1.6189,1.54408,0.3718,0.2798,0.3484,EPL,14,8,3,7,4,3,9.8400,6.0714,True,1.3952000000000002,1.325
29087,1903469,229,83,2026-02-18 20:00:00,1,2025,2,2,Wolverhampton Wanderers,Arsenal,0.173119,2.01018,0.0145,0.0862,0.8993,EPL,5,10,2,4,4,5,8.2083,11.4444,True,0.1297,2.7840999999999996
29088,1903346,89,245,2026-04-13 19:00:00,1,2025,1,2,Manchester United,Leeds,1.36555,2.95118,0.0997,0.1434,0.7569,EPL,20,15,9,6,11,8,12.7143,10.3913,True,0.4425,2.4141000000000004
29089,1903349,249,71,2026-04-12 13:00:00,1,2025,1,1,Nottingham Forest,Aston Villa,0.85045,1.36297,0.216,0.2804,0.5036,EPL,15,12,4,5,6,6,10.3750,10.8148,True,0.9284,1.7912000000000001
29090,1903352,77,82,2026-04-12 13:00:00,1,2025,1,0,Sunderland,Tottenham,1.77584,1.01598,0.5697,0.2554,0.1749,EPL,13,11,2,7,7,3,10.9474,7.1333,True,1.9645,0.7801
29091,1903355,81,229,2026-04-10 19:00:00,1,2025,4,0,West Ham,Wolverhampton Wanderers,2.54379,0.571967,0.8438,0.1126,0.0436,EPL,18,14,7,3,7,4,9.3333,13.5500,True,2.644,0.2434
29092,1903470,83,73,2026-04-11 11:30:00,1,2025,1,2,Arsenal,Bournemouth,3.16346,1.39461,0.8221,0.1297,0.0482,EPL,15,8,3,3,5,5,8.0000,9.3043,True,2.5960000000000005,0.2743
29093,1903471,244,72,2026-04-11 14:00:00,1,2025,2,2,Brentford,Everton,2.26302,1.57033,0.5424,0.2365,0.2211,EPL,17,14,4,6,5,8,10.7826,10.9444,True,1.8637,0.8997999999999999
29094,1903472,92,220,2026-04-11 14:00:00,1,2025,0,2,Burnley,Brighton,0.812029,1.07182,0.2682,0.3324,0.3994,EPL,10,13,5,6,3,11,7.8000,18.3125,True,1.137,1.5306
29095,1903473,80,88,2026-04-12 15:30:00,1,2025,0,3,Chelsea,Manchester City,1.22108,2.40839,0.1456,0.1934,0.661,EPL,12,18,3,8,2,15,8.5926,25.8462,True,0.6302,2.1764
29096,1903474,78,86,2026-04-12 13:00:00,1,2025,2,1,Crystal Palace,Newcastle United,3.13933,1.27299,0.8241,0.1232,0.0527,EPL,11,7,5,3,4,3,10.8333,10.1724,True,2.5955000000000004,0.2813
29097,1903475,87,228,2026-04-11 16:30:00,1,2025,2,0,Liverpool,Fulham,2.01499,1.42024,0.5162,0.2415,0.2423,EPL,18,19,5,4,21,12,13.6500,10.0435,True,1.7901,0.9683999999999999
29098,1903358,71,77,2026-04-19 13:00:00,1,2025,4,3,Aston Villa,Sunderland,3.90223,1.56008,0.8626,0.0885,0.0489,EPL,15,10,7,7,7,3,12.0526,13.4706,True,2.6763,0.2352
29099,1903362,244,228,2026-04-18 11:30:00,1,2025,0,0,Brentford,Fulham,2.33552,0.790707,0.7631,0.1594,0.0775,EPL,13,10,4,0,4,12,13.2778,13.3500,True,2.4486999999999997,0.39189999999999997
29100,1903365,80,89,2026-04-18 19:00:00,1,2025,0,1,Chelsea,Manchester United,1.28109,0.436043,0.5816,0.298,0.1204,EPL,21,4,3,1,8,1,28.3846,11.3478,True,2.0428,0.6592
29101,1903368,78,81,2026-04-20 19:00:00,1,2025,0,0,Crystal Palace,West Ham,0.733442,0.622445,0.3437,0.3864,0.2699,EPL,9,9,1,4,5,5,10.3200,10.2778,True,1.4175,1.1961
29102,1903372,72,87,2026-04-19 13:00:00,1,2025,1,2,Everton,Liverpool,1.4784,1.38333,0.3918,0.2837,0.3245,EPL,10,14,4,6,5,8,8.9091,14.9000,True,1.4591,1.2572
29103,1903377,245,229,2026-04-18 14:00:00,1,2025,3,0,Leeds,Wolverhampton Wanderers,3.55804,0.568627,0.9601,0.032,0.0079,EPL,17,7,6,2,7,4,11.6400,10.3684,True,2.9123,0.0557
29104,1903378,88,83,2026-04-19 15:30:00,1,2025,2,1,Manchester City,Arsenal,2.61528,2.28964,0.4488,0.2479,0.3033,EPL,15,9,5,3,15,3,9.1538,13.4615,True,1.5943,1.1578
29105,1903379,86,73,2026-04-18 14:00:00,1,2025,1,2,Newcastle United,Bournemouth,1.61167,3.36662,0.0545,0.1232,0.8223,EPL,12,12,3,3,8,7,10.5238,8.0000,True,0.2867,2.5901
29106,1903381,249,92,2026-04-19 13:00:00,1,2025,4,1,Nottingham Forest,Burnley,1.4425,0.601418,0.5978,0.2837,0.1185,EPL,10,4,4,3,6,3,10.2143,14.4500,True,2.0771,0.6392
29107,1903382,82,220,2026-04-18 16:30:00,1,2025,2,2,Tottenham,Brighton,1.56052,1.1373,0.4794,0.273,0.2476,EPL,13,10,6,3,9,7,5.6364,12.4444,True,1.7111999999999998,1.0158
29108,1903384,73,245,2026-04-22 19:00:00,1,2025,2,2,Bournemouth,Leeds,1.91355,1.21601,0.5513,0.2434,0.2053,EPL,17,10,7,3,13,6,10.4000,8.8421,True,1.8973000000000002,0.8593
29109,1903387,83,86,2026-04-25 16:30:00,1,2025,1,0,Arsenal,Newcastle United,0.639189,0.868897,0.2295,0.3637,0.4068,EPL,11,13,4,3,10,7,8.8182,14.8889,True,1.0522,1.5840999999999998
29110,1903388,220,80,2026-04-21 19:00:00,1,2025,3,0,Brighton,Chelsea,2.51784,0.297865,0.9033,0.0788,0.0179,EPL,15,6,9,0,9,3,22.2143,10.2308,True,2.7887000000000004,0.1325
29111,1903389,92,88,2026-04-22 19:00:00,1,2025,0,1,Burnley,Manchester City,0.973776,3.40888,0.0443,0.091,0.8647,EPL,9,28,1,9,5,19,10.4545,16.0500,True,0.2239,2.6851000000000003
29112,1903391,228,71,2026-04-25 11:30:00,1,2025,1,0,Fulham,Aston Villa,1.24069,0.906156,0.4402,0.3154,0.2444,EPL,13,10,6,1,5,4,8.8947,9.2778,True,1.6360000000000001,1.0486
29113,1903392,87,78,2026-04-25 14:00:00,1,2025,3,1,Liverpool,Crystal Palace,1.45071,2.19912,0.2143,0.2313,0.5544,EPL,9,14,3,7,6,6,15.4444,15.2353,True,0.8742000000000001,1.8945
29114,1903395,89,244,2026-04-27 19:00:00,1,2025,2,1,Manchester United,Brentford,1.84852,1.30383,0.5285,0.2585,0.213,EPL,11,12,6,4,8,10,9.9583,13.0000,True,1.8439999999999999,0.8975
29115,1903397,77,249,2026-04-24 19:00:00,1,2025,0,5,Sunderland,Nottingham Forest,0.614323,1.54208,0.1184,0.2415,0.6401,EPL,14,10,4,6,13,3,10.6500,5.4091,True,0.5967,2.1618
29116,1903398,81,72,2026-04-25 14:00:00,1,2025,2,1,West Ham,Everton,1.8356,1.1144,0.5617,0.2554,0.1829,EPL,10,11,3,3,7,9,11.9412,9.6538,True,1.9405,0.8041
29117,1903401,229,82,2026-04-25 14:00:00,1,2025,0,1,Wolverhampton Wanderers,Tottenham,0.762656,1.06403,0.2136,0.3485,0.4379,EPL,11,11,2,2,0,4,4.8571,13.5000,True,0.9893000000000001,1.6622000000000001
29118,1903403,73,78,2026-05-03 14:00:00,1,2025,3,0,Bournemouth,Crystal Palace,2.29626,0.678329,0.7987,0.1448,0.0565,EPL,16,7,5,1,6,10,9.9048,10.3182,True,2.5408999999999997,0.3143
29119,1903405,83,228,2026-05-02 17:30:00,1,2025,3,0,Arsenal,Fulham,4.09079,0.696714,0.9613,0.0311,0.0076,EPL,18,10,9,1,14,3,13.6818,14.5000,True,2.915,0.0539
29120,1903407,71,82,2026-05-03 19:00:00,1,2025,1,2,Aston Villa,Tottenham,0.609494,1.12225,0.1665,0.3396,0.4939,EPL,5,10,1,5,0,3,11.6000,9.5000,True,0.8391000000000001,1.8213
29121,1903409,244,81,2026-05-02 15:00:00,1,2025,3,0,Brentford,West Ham,2.27374,0.753895,0.7785,0.1517,0.0698,EPL,14,13,6,4,7,2,7.8182,9.3333,True,2.4871999999999996,0.3611
29122,1903411,80,249,2026-05-04 15:00:00,1,2025,1,3,Chelsea,Nottingham Forest,2.17132,2.31019,0.3108,0.2818,0.4074,EPL,21,6,5,4,12,4,23.1250,8.0417,True,1.2142000000000002,1.504
29123,1903413,72,88,2026-05-04 20:00:00,1,2025,3,3,Everton,Manchester City,1.68558,1.41706,0.4424,0.2639,0.2937,EPL,14,20,6,4,1,14,6.4667,16.4706,True,1.5911,1.145
29124,1903415,245,92,2026-05-01 20:00:00,1,2025,3,1,Leeds,Burnley,2.09546,0.434597,0.8238,0.1368,0.0394,EPL,18,9,8,3,4,3,12.9500,11.1724,True,2.6082,0.255
29125,1903417,89,87,2026-05-03 15:30:00,1,2025,3,2,Manchester United,Liverpool,2.55612,1.02814,0.7491,0.1546,0.0963,EPL,18,13,6,5,7,5,9.7000,12.3913,True,2.4019,0.4435
29126,1903419,86,220,2026-05-02 15:00:00,1,2025,3,1,Newcastle United,Brighton,3.12933,1.87112,0.6723,0.171,0.1567,EPL,13,13,6,4,3,9,7.4118,21.3636,True,2.1879,0.6411
29127,1903420,229,77,2026-05-02 15:00:00,1,2025,1,1,Wolverhampton Wanderers,Sunderland,1.96131,0.923954,0.64,0.2208,0.1392,EPL,20,10,7,2,10,6,13.1053,8.1176,True,2.1408,0.6384
29128,1903422,220,229,2026-05-09 15:00:00,1,2025,3,0,Brighton,Wolverhampton Wanderers,2.22427,0.515647,0.8144,0.1409,0.0447,EPL,13,5,6,1,9,2,25.5714,4.2759,True,2.5841,0.275
29129,1903424,92,71,2026-05-10 14:00:00,1,2025,2,2,Burnley,Aston Villa,1.71234,1.75493,0.3632,0.2585,0.3783,EPL,15,18,6,7,7,7,7.8750,11.2500,True,1.3481,1.3934
29130,1903426,78,72,2026-05-10 14:00:00,1,2025,2,2,Crystal Palace,Everton,3.28826,2.10265,0.6403,0.1732,0.1865,EPL,21,13,8,6,9,9,16.2143,6.3810,True,2.0941,0.7327
29131,1903428,228,73,2026-05-09 15:00:00,1,2025,0,1,Fulham,Bournemouth,1.24334,0.998003,0.4114,0.3148,0.2738,EPL,14,10,2,5,8,4,13.5217,11.8333,True,1.549,1.1361999999999999
29132,1903430,87,80,2026-05-09 12:30:00,1,2025,1,1,Liverpool,Chelsea,0.623191,0.597184,0.2937,0.4218,0.2845,EPL,8,6,3,3,7,7,9.1212,12.2800,True,1.3029,1.2752999999999999
29133,1903432,88,244,2026-05-09 17:30:00,1,2025,3,0,Manchester City,Brentford,4.37429,0.670038,0.9871,0.0121,0.0008,EPL,25,4,10,2,13,3,7.6667,7.2800,True,2.9734,0.014499999999999999
29134,1903434,249,86,2026-05-10 14:00:00,1,2025,1,1,Nottingham Forest,Newcastle United,1.46434,1.65067,0.3112,0.2674,0.4214,EPL,17,16,6,6,9,11,8.1429,17.0000,True,1.201,1.5316
29135,1903436,77,89,2026-05-09 15:00:00,1,2025,0,0,Sunderland,Manchester United,1.2376,0.535981,0.5615,0.2908,0.1477,EPL,15,11,4,1,13,7,12.7619,13.5556,True,1.9752999999999998,0.7339
29136,1903438,82,245,2026-05-11 20:00:00,1,2025,1,1,Tottenham,Leeds,1.49036,1.86976,0.2655,0.2596,0.4749,EPL,16,11,3,4,4,4,9.8261,6.1923,True,1.0561,1.6843000000000001
29137,1903440,81,83,2026-05-10 16:30:00,1,2025,0,1,West Ham,Arsenal,1.32011,1.42953,0.3272,0.2963,0.3765,EPL,9,15,3,4,7,9,6.0000,15.4375,True,1.2779,1.4258
29138,1903442,73,88,2026-05-19 19:30:00,1,2025,1,1,Bournemouth,Manchester City,1.71486,1.26917,0.4866,0.2553,0.2581,EPL,10,14,2,5,9,12,21.9091,10.6552,True,1.7151,1.0296
29139,1903444,83,92,2026-05-18 20:00:00,1,2025,1,0,Arsenal,Burnley,1.22695,0.194884,0.6915,0.2601,0.0484,EPL,13,5,3,0,20,2,13.7647,12.4375,True,2.3346,0.4053
29140,1903446,71,87,2026-05-15 20:00:00,1,2025,4,2,Aston Villa,Liverpool,2.5252,1.55027,0.6252,0.2086,0.1662,EPL,14,16,9,5,5,7,14.2857,13.1053,True,2.0842,0.7071999999999999
29141,1903448,244,78,2026-05-17 15:00:00,1,2025,2,2,Brentford,Crystal Palace,1.54564,1.82274,0.2919,0.2635,0.4446,EPL,14,16,3,5,9,14,31.5556,14.7778,True,1.1392,1.5973000000000002
29142,1903449,80,82,2026-05-19 20:15:00,1,2025,2,1,Chelsea,Tottenham,1.09262,2.15227,0.1187,0.2128,0.6685,EPL,9,9,4,3,3,7,9.1250,11.7241,True,0.5689,2.2183
29143,1903451,72,77,2026-05-17 15:00:00,1,2025,1,3,Everton,Sunderland,1.32181,1.28383,0.3601,0.3159,0.324,EPL,10,7,4,3,3,2,12.7500,14.5000,True,1.3961999999999999,1.2879
29144,1903453,245,220,2026-05-17 15:00:00,1,2025,1,0,Leeds,Brighton,0.747756,2.23238,0.0717,0.1873,0.741,EPL,7,19,1,8,2,16,7.8667,21.0000,True,0.4024,2.4103
29145,1903454,89,249,2026-05-17 12:30:00,1,2025,3,2,Manchester United,Nottingham Forest,4.28532,1.84418,0.8387,0.1022,0.0591,EPL,29,11,8,4,14,11,13.8333,10.0400,True,2.6182999999999996,0.2795
29146,1903455,86,81,2026-05-17 17:30:00,1,2025,3,1,Newcastle United,West Ham,2.1336,0.957771,0.6787,0.1995,0.1218,EPL,15,15,7,8,19,10,10.2308,11.4118,True,2.2356,0.5649
29147,1903457,229,228,2026-05-17 15:00:00,1,2025,1,1,Wolverhampton Wanderers,Fulham,1.49725,1.48412,0.3551,0.2872,0.3577,EPL,11,13,3,5,4,14,6.7368,12.4444,True,1.3525,1.3603
29148,1903458,220,89,2026-05-24 15:00:00,1,2025,0,3,Brighton,Manchester United,0.702398,2.32868,0.0517,0.1288,0.8195,EPL,13,11,2,7,10,9,15.7059,7.6129,True,0.28390000000000004,2.5873
29149,1903350,92,229,2026-05-24 15:00:00,1,2025,1,1,Burnley,Wolverhampton Wanderers,1.28476,2.8433,0.0878,0.1555,0.7567,EPL,16,16,8,4,13,5,13.6667,9.3571,True,0.41890000000000005,2.4256
29150,1903353,78,83,2026-05-24 15:00:00,1,2025,1,2,Crystal Palace,Arsenal,1.00492,3.90645,0.0213,0.0507,0.928,EPL,8,17,3,7,3,8,9.8889,17.7500,True,0.11460000000000001,2.8347
29151,1903356,228,86,2026-05-24 15:00:00,1,2025,2,0,Fulham,Newcastle United,1.72878,0.24232,0.7857,0.1784,0.0359,EPL,21,7,6,2,10,6,12.7647,11.4444,True,2.5355,0.2861
29152,1903359,87,244,2026-05-24 15:00:00,1,2025,1,1,Liverpool,Brentford,2.99412,1.46082,0.7222,0.1661,0.1117,EPL,24,11,8,2,11,5,12.2222,11.7059,True,2.3327,0.5012
29153,1903361,88,71,2026-05-24 15:00:00,1,2025,1,2,Manchester City,Aston Villa,1.38085,2.4397,0.1618,0.189,0.6492,EPL,16,12,3,5,14,4,20.7000,16.2000,True,0.6744,2.1366
29154,1903364,249,73,2026-05-24 15:00:00,1,2025,1,1,Nottingham Forest,Bournemouth,2.05852,1.33684,0.5595,0.2329,0.2076,EPL,15,17,5,4,3,8,8.0000,17.9167,True,1.9114,0.8557
29155,1903367,77,80,2026-05-24 15:00:00,1,2025,2,1,Sunderland,Chelsea,2.33109,0.920885,0.7359,0.1755,0.0886,EPL,21,8,6,3,12,7,17.2727,7.9375,True,2.3832,0.44129999999999997
29156,1903370,82,72,2026-05-24 15:00:00,1,2025,1,0,Tottenham,Everton,1.40597,0.268476,0.7598,0.198,0.0422,EPL,20,9,2,1,2,3,7.7931,7.5000,True,2.4774,0.3246
29157,1903373,81,245,2026-05-24 15:00:00,1,2025,3,0,West Ham,Leeds,2.73135,1.94969,0.5581,0.2217,0.2202,EPL,16,13,9,3,6,6,5.1333,16.4706,True,1.8960000000000001,0.8823000000000001
